{
  "mae_cap": 8.9719,
  "rmse_cap": 12.642654245647945,
  "nasa_cap": 359.9355998236686,
  "mae_raw": 10.531899999999998,
  "rmse_raw": 14.346766408323516,
  "nasa_raw": 403.2202961382674
}