{
  "mae_cap": 18.781136363636364,
  "rmse_cap": 22.671294030094792,
  "nasa_cap": 3549.323379241303,
  "mae_raw": 25.9273814229249,
  "rmse_raw": 33.878670168213525,
  "nasa_raw": 22999.211147033202
}