{
  "mae_cap": 8.844925,
  "rmse_cap": 11.71752014879855,
  "nasa_cap": 209.03237877293122,
  "mae_raw": 9.914925,
  "rmse_raw": 13.175766711561797,
  "nasa_raw": 244.2824457487237
}