{
  "mae_cap": 21.799504219409283,
  "rmse_cap": 27.118950298066245,
  "nasa_cap": 14595.733409897086,
  "mae_raw": 29.36490506329114,
  "rmse_raw": 36.56742972572424,
  "nasa_raw": 28532.706956164744
}