{
  "fd": "FD003",
  "model": "RandomForestRegressor",
  "window": 30,
  "rul_cap": 125,
  "drop_sensors": [
    "s1",
    "s10",
    "s16",
    "s18",
    "s19",
    "s5"
  ],
  "n_features": 45,
  "n_train_rows": 21820,
  "n_train_units": 100,
  "val_units": [
    3,
    5,
    19,
    22,
    25,
    26,
    28,
    34,
    43,
    51,
    52,
    53,
    57,
    60,
    62,
    72,
    82,
    93,
    98,
    100
  ],
  "metrics": {
    "val": {
      "mae_cap": 7.811269675356615,
      "rmse_cap": 11.27244885395208
    },
    "test_lastcycle": {
      "mae_cap": 8.9719,
      "rmse_cap": 12.642654245647945,
      "nasa_cap": 359.9355998236686,
      "mae_raw": 10.531899999999998,
      "rmse_raw": 14.346766408323516,
      "nasa_raw": 403.2202961382674
    }
  },
  "sklearn_version": "1.7.2"
}