{
  "fd": "FD002",
  "model": "RandomForestRegressor",
  "window": 30,
  "rul_cap": 125,
  "drop_sensors": [
    "s1",
    "s10",
    "s16",
    "s18",
    "s19",
    "s5"
  ],
  "n_features": 45,
  "n_train_rows": 46219,
  "n_train_units": 260,
  "val_units": [
    4,
    8,
    27,
    39,
    47,
    51,
    52,
    55,
    63,
    71,
    76,
    81,
    83,
    85,
    89,
    90,
    95,
    96,
    97,
    101,
    102,
    116,
    122,
    125,
    127,
    133,
    135,
    139,
    149,
    162,
    169,
    171,
    173,
    186,
    189,
    190,
    197,
    198,
    208,
    216,
    217,
    231,
    232,
    234,
    239,
    246,
    248,
    249,
    251,
    256,
    258,
    259
  ],
  "metrics": {
    "val": {
      "mae_cap": 20.020254690226878,
      "rmse_cap": 24.18405013689124
    },
    "test_lastcycle": {
      "mae_cap": 18.781136363636364,
      "rmse_cap": 22.671294030094792,
      "nasa_cap": 3549.323379241303,
      "mae_raw": 25.9273814229249,
      "rmse_raw": 33.878670168213525,
      "nasa_raw": 22999.211147033202
    }
  },
  "sklearn_version": "1.7.2"
}