{
  "fd": "FD004",
  "model": "RandomForestRegressor",
  "window": 30,
  "rul_cap": 125,
  "drop_sensors": [
    "s1",
    "s10",
    "s16",
    "s18",
    "s19",
    "s5"
  ],
  "n_features": 45,
  "n_train_rows": 54028,
  "n_train_units": 249,
  "val_units": [
    4,
    8,
    25,
    39,
    47,
    51,
    52,
    55,
    71,
    76,
    81,
    89,
    90,
    95,
    96,
    105,
    121,
    125,
    129,
    132,
    133,
    135,
    139,
    145,
    150,
    153,
    157,
    162,
    163,
    167,
    169,
    171,
    178,
    179,
    186,
    197,
    204,
    205,
    208,
    218,
    220,
    221,
    222,
    225,
    226,
    235,
    239,
    241,
    245
  ],
  "metrics": {
    "val": {
      "mae_cap": 19.93831209899175,
      "rmse_cap": 25.027175322475095
    },
    "test_lastcycle": {
      "mae_cap": 21.799504219409283,
      "rmse_cap": 27.118950298066245,
      "nasa_cap": 14595.733409897086,
      "mae_raw": 29.36490506329114,
      "rmse_raw": 36.56742972572424,
      "nasa_raw": 28532.706956164744
    }
  },
  "sklearn_version": "1.7.2"
}